game_id,line_items,weight,Codacabana,eyay,TakeTheMoneyAndRun,error404 ai,Bin busy,Non Deterministic,Teamers,AsianSuperNerds,Oasis,Claims Renaissance,Alpha,TBD,Nullpointer Naan,Trust Nobody,OPUSMOPUS,harissa eagles,makalu
1,18,1.0,13441.2800,-8273.7000,-8273.7000,33436.1900,13501.8550,5683.0350,-8273.7000,-8273.7000,-8273.7000,-8273.7000,-8273.7000,-8273.7000,-8273.7000,-8273.7000,-8273.7000,-8273.7000,-8273.7000
2,7,1.0,10355.2300,-5143.8900,412.0700,4802.7000,721.5800,-2834.2600,-2856.3900,11650.7400,-3343.4600,-5143.8900,-5143.8900,453.8400,-3254.2600,-5143.8900,-5143.8900,-5143.8900,-5143.8900
3,2,1.0,0.0000,0.0000,-41.7200,403.4400,0.0000,400.0000,0.0000,0.0000,-761.7200,0.0000,0.0000,0.0000,0.0000,0.0000,0.0000,0.0000,0.0000
4,15,1.0,3847.0000,-7123.8750,-954.0300,10127.0200,3520.2250,6270.9300,-3888.5900,9015.0500,699.6350,-7123.8750,3126.1000,-14527.8000,-6944.8100,-7123.8750,-7123.8750,330.0600,-7123.8750
5,17,1.0,997.0150,-13064.9250,-4596.6900,18955.4200,-10604.4300,6629.3150,1680.7600,1073.1100,-476.1850,-13064.9250,16405.3900,-12807.5600,-8915.9950,-13064.9250,8824.0350,-13064.9250,-13064.9250
6,2,1.0,7240.8700,-5042.5350,-3283.3200,1282.6300,-3940.0350,213.9700,-2228.2750,-6378.5600,494.7500,7798.8100,-5213.7750,-9082.3200,1523.8200,-5042.5350,7830.3100,6375.0700,-5042.5350
7,6,1.0,9291.2850,10115.0600,17737.8350,16189.9800,-33568.4000,6183.5700,-7727.2700,12275.3400,-5668.4200,-15832.2150,-16610.6000,11537.2300,-15832.2150,-15832.2150,-15832.2150,11773.8100,-15832.2150
8,39,1.0,8650.7700,5150.4750,33036.7050,34305.7150,-80074.0600,14257.3100,5284.8050,12291.8800,-1769.2650,-56904.4650,-23130.7150,-56904.4650,7290.7800,-56904.4650,27070.1950,5893.2250,-56904.4650
9,16,1.0,19495.0050,25056.9550,-9379.8100,-9745.7450,-21396.8350,-3918.9200,4135.1400,13606.3550,-6586.3900,11999.8150,-25086.9000,-10343.5650,-13588.7600,14023.7000,-10343.5650,1606.2200,-10343.5650
10,6,1.0,-37893.0000,1649.0100,21052.9100,-22608.2650,-60506.0350,43984.4850,-54309.4900,-63286.9100,-59968.2900,-66256.0350,16707.0450,-66256.0350,51577.4350,-38826.9200,82604.0950,17168.5000,-66256.0350
11,22,1.0,-36016.6350,4989.6800,23176.8500,-7443.7700,-36016.6350,-5088.3300,17324.5550,-21352.6150,9660.8400,-9973.4650,12292.5750,-7576.0550,-14191.7750,-36016.6350,-6184.3150,4024.8100,-36016.6350
12,12,1.0,-13096.3950,25778.3200,20558.3150,5784.3200,-43380.8850,-6291.2100,-43380.8850,21076.3750,-30039.6850,-11865.6000,10978.5250,-12720.7000,-14721.3850,-10372.7900,-8510.8200,-6547.7500,-43380.8850
13,17,1.0,6206.0450,-8872.4000,-3643.4700,-5398.0000,-2606.5850,-6852.2700,-1293.1800,-9362.6000,-6910.9100,3216.5900,-1436.5350,-13411.7950,-4664.0400,4776.4200,3941.0700,-1052.2850,-22131.8700
14,13,1.0,1685.4350,941.1100,592.4350,1192.7500,-2599.4950,117.3850,1359.3750,601.9350,-2016.1700,-1330.4250,316.3750,-1109.5650,-1109.5650,-1109.5650,-1109.5650,-359.7350,-1109.5650
15,29,1.0,6660.2500,15740.6800,-13748.1550,-8533.7900,-18801.9550,-1024.0150,11217.8050,-4868.8700,11869.0850,-8533.9200,-3347.2200,-44632.1850,1930.0850,-44632.1850,-10776.7150,-6262.1250,-44632.1850
16,2,1.0,390.0000,637.8100,690.0000,1578.3200,-4721.3200,57.9400,606.2200,690.0000,71.0300,0.0000,0.0000,0.0000,0.0000,0.0000,0.0000,0.0000,0.0000
17,20,1.0,-44461.7200,-9489.3800,-6699.0050,18576.5600,-63789.2450,-12578.0550,-27286.1200,-48213.2150,-9955.0800,31621.0000,13481.0700,40199.1750,5798.6150,-98780.0100,24141.1800,-12301.5800,-98780.0100
18,14,1.0,-18434.8100,9176.1450,-1107.9150,-52487.1450,-37081.6950,-9995.2100,7277.1750,-1630.3500,-22996.2500,11238.9750,-3719.2800,16314.1200,16218.8900,-52487.1450,-1715.4100,6490.2250,-52487.1450
19,9,1.0,21638.7650,35875.2950,-19008.1250,-12512.0700,34408.1000,-17078.2100,-7483.8650,-3494.6050,5309.5050,4998.8500,-21763.0800,-21763.0800,-32021.5900,-21763.0800,-3182.6150,10423.4300,-21763.0800
20,6,1.0,1492.8250,6275.7650,-15824.7500,14610.8500,12764.6200,2600.5300,3603.5150,-12026.2500,-11102.0800,-7373.4150,11107.2600,-22871.4100,-27613.2500,-27823.7200,13252.3300,-21330.0800,-28904.2500
21,2,1.0,1455.4200,2724.5600,-513.2300,-666.7100,3080.0000,1375.0200,-2125.7900,2640.0000,2084.6500,-708.7200,1123.2800,-4141.2000,-2210.0000,-2302.6400,0.0000,-1814.6400,0.0000
22,1,1.0,12475.3600,7729.3000,10000.0000,3561.5400,14840.0000,4000.0000,-25577.5000,9900.0000,4422.5000,2457.0000,-17577.5000,4422.5000,-9577.5000,-19577.5000,-9577.5000,8079.3000,0.0000
23,3,1.0,-1584.3150,1449.8050,2350.3250,829.7650,-820.5950,-5773.0950,1484.6400,542.1300,-2304.1550,1437.8500,-2242.2000,-1866.1400,2867.4600,-5773.0950,833.9400,-3782.4850,-5773.0950
24,11,1.0,40917.4100,-649.5650,23510.6650,-31485.6150,13012.8150,-48749.8500,-22401.7700,35805.8150,-11364.7200,-41435.6850,21279.6350,34591.2100,-6849.7700,-20714.7750,-40191.6350,-22554.8900,-41435.6850
25,15,1.0,-11049.4950,6047.5900,1532.9200,-977.2950,1464.0500,1802.4100,22617.6600,-54292.7250,7328.5900,-12341.5600,-20394.2000,-22532.2800,-10993.0900,-16752.7200,1101.6750,-9225.7500,-54292.7250
26,12,1.0,2562.9050,-2688.3350,-3751.3800,-6148.6100,-3930.3250,1763.0800,-8963.8650,-8500.9900,-1276.6500,-4249.6550,-9712.0950,-122.7400,-2678.4800,-7380.4500,1214.6550,3095.9250,-27401.3250
27,4,1.0,-31556.8100,14493.0000,-11338.3600,37890.7400,11351.1300,-4127.3800,6254.5400,10350.5400,-8844.2850,-43906.8100,43367.7600,-19933.0200,-17370.5700,-717.9300,1730.0700,-9406.8100,-11448.3600
28,10,1.0,5524.5800,5966.4900,5985.0000,3642.9700,5298.1300,0.0000,5499.9100,5618.0000,-7760.5200,0.0000,0.0000,0.0000,-30108.8600,334.3000,0.0000,0.0000,0.0000
29,4,1.0,7668.3000,14371.6800,-27872.0150,13372.4100,19823.1200,-2657.8000,-14672.7750,-9847.6350,-4209.4700,3443.9650,16255.0550,-20443.6100,-9070.7050,-7342.4400,-9692.6650,12010.8200,-7507.8000
30,5,1.0,-1626.9400,-1486.5300,-131.3800,-896.4250,-3463.0400,-8485.3550,-2074.4300,1513.9400,-10797.4350,-1360.6950,302.4500,3434.2450,-3637.8850,-58.7550,1206.4750,-5117.2250,-16085.3550
31,18,1.0,-5562.6650,6714.9950,3305.7800,9366.9500,690.4000,-19192.9950,-8432.5700,-19192.9950,-8118.4700,-3206.3200,1731.8650,-2967.2200,-7532.6500,1235.1700,-4299.5450,14107.2400,-19192.9950
32,7,1.0,-3982.8700,3470.9400,5050.5400,4637.8950,6886.6200,6744.3100,-11000.9400,4208.2500,-4105.3900,1134.4700,1799.6000,-8278.5500,-2393.6400,-10890.1300,-3280.2700,6142.6600,-4231.6500
33,6,1.0,5451.0500,2891.5800,-1839.2800,6407.8750,-62.8250,-14723.3150,4049.4050,-3747.7800,-19170.5750,-16179.6800,-5079.0450,7248.8450,-250.1800,-7797.7050,5266.7450,-14429.2800,-16829.2800
34,25,1.0,-6135.3550,-7064.5850,-10983.9700,1025.6250,-3948.5600,1240.4800,-8754.7250,-50380.0650,-9898.8350,7336.5550,-581.5450,3643.4200,-4567.8300,-21650.0700,-12367.2150,3591.6950,-50380.0650
35,20,1.0,4366.1650,7691.9850,-11583.3300,1943.1800,3300.9100,16674.7050,8386.9350,-25546.4150,-6524.7150,-6633.7200,-24434.6950,-55266.6150,-15553.7300,3781.3400,-55266.6150,12851.1600,-55266.6150
36,10,1.0,2009.7400,1797.1500,1564.0000,1752.1200,2307.3500,0.0000,2061.1300,2565.0000,-7314.4100,-12697.3200,0.0000,2541.7700,0.0000,0.0000,2544.2800,869.1900,0.0000
37,17,1.0,7938.0150,570.8750,-6283.3750,-5263.8750,1938.6250,1657.5650,549.9800,-18260.7500,-40771.7650,12822.8750,-15176.5450,-14203.7200,-27793.2800,-13489.9600,-7554.2550,-6746.0350,-54314.7150
38,4,1.0,3557.0450,-4362.9450,-5020.2950,-637.9200,-503.8650,4080.9750,875.7650,3290.6500,-4201.4600,2610.1650,1037.4450,-8043.3400,-8776.1750,-12702.3950,-3126.4650,-8044.5200,-20630.8050
39,3,1.0,8579.0700,-11652.1950,1229.1200,-3615.5550,3677.1850,725.1600,3002.0550,-1185.5050,-9961.2950,-1826.6400,-511.5600,-4914.1600,5542.3650,-1879.9400,-7920.9950,-1527.5350,-11652.1950
40,13,1.0,-26208.8750,13502.0600,24395.3050,-11672.7450,22077.5000,27700.6750,-27667.1600,-1097.7700,-43772.3700,-14146.9550,-2881.2900,9081.4700,-23888.1000,-14649.4700,-29174.6200,-1530.5000,-43772.3700
41,4,1.0,-84948.9200,99167.6400,29814.2550,69730.4650,-20423.4900,-87520.2450,-46240.8100,-1561.7550,-67808.4650,-87520.2450,-87520.2450,-87493.5250,87364.2500,-86188.2450,107294.1850,-63590.1550,-87520.2450
42,17,1.0,38677.3450,-7332.7600,20743.7200,-7666.4900,8279.0700,23421.9650,-26834.7250,-17074.3900,-25797.2550,-52787.5050,-42664.2600,2864.1250,-18886.8600,-31277.6150,8636.2400,27964.6500,-52787.5050
43,4,1.0,-1065.8900,814.7450,-6641.6600,2577.9200,5801.0900,-2476.8550,-137.8050,-7687.7100,-9052.3350,-37.7100,-9052.3350,3500.6500,2878.7850,-4641.4950,3017.2500,-1010.9500,-9052.3350
44,11,1.0,68755.2650,76693.7600,-56898.0700,-35556.9550,28902.8200,39090.4000,-58481.6050,-31126.0650,-20883.1500,-48732.3700,-103808.0700,-29360.5750,-65220.1700,1058.5650,37046.4300,-103808.0700,-103808.0700
45,18,1.0,5510.7900,9086.6150,2803.5650,17136.9600,11390.0250,2401.1825,12549.2500,6572.1400,339.6500,-10406.3000,-29174.7750,-55141.0575,-11102.9400,-18224.8400,-55141.0575,7393.2350,-55141.0575
46,31,1.0,1016.8100,-3390.1400,25358.3100,8649.2750,16309.0700,-4579.5300,-5538.4950,-15547.8450,2379.3000,-24155.7000,-77577.9150,-10446.8100,-9750.5550,-47145.8700,-24060.8150,15946.0450,-77577.9150
47,17,1.0,-7997.3750,5.8250,-3420.8650,-7049.6700,9486.8050,-6336.2550,9311.4600,-14827.7300,-5060.7050,-10104.7400,-38186.8800,10012.2300,-18840.1250,5671.0300,-17998.7950,304.9650,-38186.8800
48,27,1.0,-2693.0450,-14329.9150,4977.3800,-878.8850,677.4900,-108.5750,-464.0950,16446.7250,-12763.3700,2675.3600,-17000.7750,-26521.4250,9713.5800,-22621.5950,-5948.9100,-2733.1850,-53291.1300
49,19,1.0,-3282.1900,-14090.1150,-2541.0250,879.8950,6849.3550,-3496.4550,7506.3550,8794.0800,-11141.8100,2307.9000,209.7700,3529.5550,-15812.0550,-1642.9900,4720.9750,-14090.1150,-14090.1150
50,16,1.0,447.1050,-6946.8400,-6635.6150,2676.2650,10327.3650,-2887.0000,8415.3100,6844.8900,9159.2200,320.3250,-523.7350,-1123.6700,-15862.0100,-22828.1200,2673.4850,-17230.7850,-17230.7850
51,6,1.0,-11502.7400,-4194.5400,16123.8450,23905.5650,-2484.3250,9982.8750,-22900.8350,-12872.6600,4245.1400,-21469.0700,9906.9200,4129.8850,-23825.2650,-35344.1400,-20213.5350,-49747.9050,-49747.9050
52,2,1.0,-4551.4400,321.1500,653.1500,477.0200,-1598.3200,2350.7650,3604.1550,-3495.7200,-348.0600,-7856.2700,3013.6000,-516.9300,3643.1300,3265.5600,1829.0600,-1465.4100,-1465.4100
53,2,1.0,65773.4850,-16081.7650,70680.0600,-33873.5850,-4451.7100,72156.0900,-32303.0350,82039.3900,-81575.7850,-49940.1600,-49580.5350,-2396.3900,-84668.9100,-56445.9400,-58680.5350,-84668.9100,-84668.9100
54,11,1.0,8540.1350,16806.4150,-18438.7950,9038.5050,6941.6800,-6305.0600,-4388.6800,-48994.0500,-20729.1600,8635.5550,-10448.6300,6425.8450,-2894.6200,-11975.2400,626.4300,-54604.0050,-54604.0050
55,1,1.0,-4690.7350,-3096.6200,-2667.7350,-2458.9950,-3282.0200,-3318.4200,869.6800,-2206.8200,-6926.9200,-3272.0600,-3028.9700,1722.6650,4735.5400,12374.9700,-4245.0450,-10125.0450,-10125.0450
56,4,1.0,361.8300,147.0900,1167.0400,-715.4000,632.4000,486.2600,570.0400,1177.0800,1202.2900,69.2700,83.2300,-1302.6400,-1794.4600,-1558.4200,-194.7300,-455.9400,-455.9400
57,13,1.0,6896.0550,2005.3650,4018.1800,150.5900,-177.3950,-3791.4300,1786.1700,1380.9050,2749.8750,-795.5000,3894.4950,-267.5450,-9402.6600,-7328.4050,-4734.5400,-4734.5400,-4734.5400
58,9,1.0,2069.6600,2271.4200,136.1750,-163.6400,-665.2500,1377.9200,-939.1150,-1238.2000,-2760.2950,1103.7900,1375.3700,2775.5550,-2519.0300,-4007.3550,-2440.5300,-2440.5300,-2440.5300
59,9,1.0,9834.7400,-12653.0200,5086.9900,-10075.6500,-7370.5650,-10299.2900,-14577.7300,-30559.1750,14048.4150,-13664.2750,2621.3750,5666.0300,-4733.2000,12195.8050,-57895.7400,-57895.7400,-57895.7400
60,11,1.0,8620.3500,506.1100,-5322.6600,2075.9900,2238.0400,992.7300,-29.0100,5669.1100,3145.9900,-1624.4500,9437.5600,-4985.9900,-8048.7400,-18996.9700,-2072.3700,5095.3600,-2072.3700
61,15,1.0,16243.6950,-2079.4650,9779.0300,-10593.9950,4131.3250,13583.6850,-121.8050,-6900.8250,3419.6600,-7324.6250,-22625.9050,-4251.7150,-42845.4600,-18323.2100,-42845.4600,1334.1550,-42845.4600
62,10,1.0,3578.4850,-33836.5350,-60045.9000,101530.5450,-17275.6850,-89777.6750,59219.7250,-45407.4500,-45579.0800,-46074.9450,34030.4400,-56922.6250,-70566.9000,62875.4750,-70566.9000,53259.6750,-70566.9000
63,4,1.0,-10603.3900,5930.8100,5132.0000,765.6100,-3832.0100,2871.0000,-1888.2900,1238.2900,1823.0000,4417.1600,6161.7100,548.6500,0.0000,-12491.5800,0.0000,-72.9600,0.0000
64,3,1.0,-1788.2800,11218.9650,-41667.6150,-1917.0550,-3426.9100,23771.7450,8235.9850,1706.9200,-21668.1600,-11948.0950,-8175.0650,-3479.2850,-2327.1200,-26951.7000,-41667.6150,7673.4650,-41667.6150
65,16,1.0,3455.9800,-2089.5450,772.0750,33.0250,-1014.3000,1545.3100,-1464.1400,1260.4850,-3221.8500,-689.0650,-1552.3300,340.0100,614.7100,-1211.4400,-6341.1300,-4684.5700,-6341.1300
66,2,1.0,-9037.6800,-319.1300,-16213.3400,14050.2100,19024.7650,737.9100,9586.7600,-1112.9900,-17771.3400,4073.9100,-14614.4650,14603.7850,-25892.1600,-16593.8150,-21152.4150,-16829.0600,-21152.4150
67,10,1.0,-1550.6900,-2595.9100,5487.8550,11197.3550,13414.8850,8717.4050,18568.8950,-20377.6400,5094.3400,-4158.0800,-11205.0600,-28689.1300,-11205.0600,-7383.7950,-11205.0600,6754.4300,-11205.0600
68,11,1.0,-44373.9900,17982.8100,51378.4150,16348.4350,-9719.8500,31686.4750,53447.2700,-50136.6450,-26139.4750,-45847.5800,6713.5800,-16504.2300,-45718.7250,4014.8600,-45718.7250,-45718.7250,-45718.7250
69,8,1.0,-4202.8600,5269.8750,-17.4000,4190.8300,7024.6500,456.8550,-10313.9900,9093.1000,3155.9400,11814.9550,-3588.7300,-12607.9300,-15194.6850,-6367.1200,-15194.6850,-15194.6850,-15194.6850
70,1,1.0,13402.8800,-753.7050,-4386.2650,1118.6100,3361.9350,2804.1350,-15595.6800,-2319.9650,6448.8800,8488.8800,-10577.9050,-15595.6800,-15595.6800,-11097.1200,11498.8800,-15595.6800,-15595.6800
71,18,1.0,41380.4500,28301.4700,35174.7100,23196.3200,36876.8400,-19523.6000,-11443.6250,-24574.5000,1976.6050,-57936.4150,-56875.1850,-72867.8250,4072.4050,-56585.1450,9313.9750,-72867.8250,-72867.8250
72,8,1.0,13508.5700,2204.5600,10553.4500,4803.6750,7522.2250,-1132.5550,7100.2200,9546.6300,-17830.0200,-14467.8850,-6355.9700,-17830.0200,-17830.0200,3447.5800,-17830.0200,-17830.0200,-17830.0200
73,17,1.0,11868.4100,1284.7100,7178.9600,-4479.2550,6527.5900,-15066.6700,5884.9900,9822.6600,-4048.1200,2064.4450,-16225.7650,-32838.2400,-3474.9900,-11389.5750,3206.8500,-32838.2400,-32838.2400
74,31,1.0,33424.8100,29216.6200,-58567.4400,47310.0800,29149.5050,-31067.5600,28005.1050,21797.6000,-58567.4400,-44426.1050,-58567.4400,-16342.9250,-11830.9600,-21184.2050,-43924.5650,-58567.4400,-58567.4400
75,18,1.0,9331.5350,-21301.8050,5613.5950,4342.4750,9589.5500,4899.1900,-9828.9000,6733.9300,-610.9150,-11595.9450,-34913.3750,-23887.7750,9753.7550,-10199.6200,4790.8150,-46808.4000,-46808.4000
76,17,1.0,45274.9450,-27152.4900,-84013.8900,11113.7800,15857.0800,-17534.5800,-3582.1150,32925.0850,30777.4550,1662.8200,-36859.2700,-77772.5600,-2971.9800,-24551.5950,9657.3350,-106513.4400,-106513.4400
77,16,1.0,1733.1800,399.5900,219.1350,-71.5450,807.2750,2413.7200,-765.2600,992.2150,-2627.4650,-1596.8800,-716.9100,-6737.6100,161.6900,-108.9350,-781.0500,-7351.7100,-7351.7100
78,22,1.0,2320.8400,4015.2800,-17804.1600,-1407.2150,5668.5950,-17804.1600,-87.3300,4456.5850,5920.7850,2200.1050,-9253.0350,-7840.9800,1325.6900,-3112.0450,3244.5000,-17804.1600,-17804.1600
79,1,1.0,0.0000,0.0000,0.0000,0.0000,0.0000,0.0000,0.0000,0.0000,0.0000,0.0000,0.0000,0.0000,0.0000,0.0000,0.0000,0.0000,0.0000
80,12,1.0,11344.0350,-1473.3400,13826.8400,13076.0200,10338.7750,-19040.5500,13893.3300,-14549.7950,-19040.5500,-1440.2550,8454.8700,-5662.7800,-24148.1750,-7541.0300,-12713.0200,-19040.5500,-19040.5500
81,4,3.0,11.4900,0.0000,10.0000,0.0000,0.0000,11.2500,0.0000,0.0000,0.0000,-35.0100,2.2700,0.0000,0.0000,0.0000,0.0000,0.0000,0.0000
82,32,3.0,35764.4675,8116.0425,31627.2325,26283.9575,28952.3450,3278.0675,-18506.6300,35597.1750,-80646.0225,-17609.4600,-46216.6950,-80646.0225,-46888.0700,-41541.2700,-8163.5750,-758.7925,-80646.0225
83,7,3.0,1706.0200,1784.9900,1926.3700,941.6200,1331.4200,61.5050,-2692.3700,1799.3100,-164.7300,1447.4600,-186.9700,-139.4100,-1651.4800,-5656.5100,-355.9500,-355.9500,-355.9500
84,13,3.0,17877.9750,11828.7300,9107.1300,5846.0900,18396.9550,15944.1650,-170.0050,-27789.2150,7748.0850,-13091.5600,-16210.1400,-24569.6200,1559.2400,-11975.7600,-11975.7600,-11975.7600,-11975.7600
85,2,3.0,3110.0400,1652.0000,2499.0600,-1066.6400,2139.0900,957.1000,-2318.0900,1209.0400,1919.7900,-2625.5900,-204.0900,-3676.2500,-1077.9900,-1769.5900,-560.9100,-560.9100,-560.9100
86,11,3.0,171.3700,-232.8300,1844.7100,213.1800,-1311.0400,1431.3300,623.1300,-579.5000,-1510.0600,180.2200,-243.5900,1141.6800,-447.9800,-1151.8800,-1151.8800,-1151.8800,-1151.8800
87,7,3.0,-2417.6000,13593.1450,736.2000,-3304.8650,2249.1850,-2525.5500,-2586.2850,-2506.5950,5814.2250,11431.3850,762.1450,-10905.8850,-10905.8850,-7298.7200,-10905.8850,-10905.8850,-10905.8850
88,20,3.0,48838.9200,18131.3850,39455.6150,12616.8800,32289.8050,26804.0850,-6763.1450,60765.3050,44812.8700,-13948.5800,-92295.5100,-54171.1250,-79999.7650,-60334.6100,-114490.3350,-114490.3350,-114490.3350
89,10,3.0,17821.7550,13283.2050,7309.8350,-6644.6100,649.4650,7895.4150,11204.5900,-5019.0950,9419.5700,-11114.2100,-18212.8850,-5016.6650,-22019.0550,-26521.4150,-33538.8000,-33538.8000,-33538.8000
90,9,3.0,14467.2450,12912.2200,16484.3800,-2764.4150,7508.1250,3119.1250,3216.8050,-5156.3450,15903.3900,-10952.2900,-21577.7000,7675.0200,-58191.3750,-14616.4600,-58191.3750,-58191.3750,-58191.3750
91,20,3.0,13126.7350,2710.7350,4925.0150,3089.1250,1104.4650,-831.8950,7269.3200,2635.7750,2380.5150,-8652.7400,-10957.7550,-1969.1800,-13721.9450,-1983.1400,-26046.9450,-26046.9450,-26046.9450
92,9,3.0,20695.5200,14752.4350,10670.6950,-129.7050,-3940.5450,8598.6600,9886.2750,-4703.0050,15492.1750,-15508.4050,-13653.7400,-8378.7250,-13355.4450,-25512.3150,-34311.5100,-34311.5100,-34311.5100
93,18,3.0,2577.6750,195.0800,841.5900,4566.2400,3719.7700,1823.3550,3663.0950,-3575.1700,1048.1250,-4115.0100,-1095.8450,-4384.8750,-106.0850,-1714.4000,-8898.9000,-8898.9000,-8898.9000
94,6,3.0,1309.3900,632.3000,103.5050,613.9000,2591.6450,1186.6800,1569.0100,-736.5450,-1098.5150,-1615.4600,46.7100,1223.2500,-2821.6900,-4701.4800,-6220.9650,-6220.9650,-6220.9650
95,8,3.0,20317.4750,25047.9100,15963.5550,9253.6000,10578.6400,12472.5150,3667.8450,-7609.3850,7557.0850,-9624.3550,-46069.1950,4945.1500,-17184.8000,-11098.2500,-61817.9850,-61817.9850,-61817.9850
96,5,3.0,6817.0600,8860.1600,10600.3500,-3034.6300,-2604.4900,13952.6800,5542.6950,-2854.7850,21604.7250,-10503.3950,-12780.6050,-11113.2700,-15602.4700,-13936.9700,-24383.2800,-24383.2800,-24383.2800
97,17,3.0,11375.2550,8139.6600,3598.9400,-666.1500,1676.5050,2810.4800,-20289.1050,1436.9200,10267.9800,-1343.0400,-13917.6150,-3055.0500,-20289.1050,7280.5200,-20289.1050,-20289.1050,-20289.1050
98,4,3.0,478.2200,682.4500,-1347.8700,-1888.8100,1313.8350,664.8100,-1430.2000,947.6900,424.1600,146.6650,1303.2100,31.3450,-467.2650,-1311.6000,-467.2650,-467.2650,-467.2650
99,22,3.0,2764.0550,12187.5750,17293.1400,-4934.1800,7237.4900,-7118.4350,-6395.2850,16323.1050,13225.8350,-7121.7150,4453.9650,-12983.4100,-25899.1650,-12679.2700,-25899.1650,-25899.1650,-25899.1650
100,3,3.0,-9257.5800,-3725.7600,26150.9900,-9537.1800,-15882.9000,-4463.3900,34319.7900,-31367.6700,44985.5950,-10008.5750,-1432.9050,-30784.0200,17523.2600,-24957.9000,-29382.9000,-29382.9000,-29382.9000
