game,item,name,a (actual),b (actual),t (derived),a/t,b/t,item net,source
78,1,-,41.14,7.54,48.59,0.85,0.16,505.27,reconstructed
78,2,-,51.79,7.54,43.50,1.19,0.17,179.11,reconstructed
78,3,-,87.88,10.12,10.12,8.69,1.00,351.52,reconstructed
78,4,-,90.72,8.82,8.82,10.29,1.00,362.88,reconstructed
78,5,-,19.82,2.42,2.42,8.21,1.00,99.10,reconstructed
78,6,-,8.59,0.51,9.51,0.90,0.05,108.09,reconstructed
78,7,-,23.36,1.68,21.18,1.10,0.08,27.23,reconstructed
78,8,-,16.41,1.88,1.88,8.75,1.00,98.46,reconstructed
78,9,-,484.99,513.72,635.41,0.76,0.81,"1,023.96",reconstructed
78,10,-,234.24,146.37,362.68,0.65,0.40,68.57,reconstructed
78,11,-,71.88,11.12,250.00,0.29,0.04,-409.64,reconstructed
78,12,-,64.25,65.61,86.94,0.74,0.75,512.77,reconstructed
78,13,-,52.93,1.57,50.22,1.05,0.03,47.09,reconstructed
78,14,-,20.17,0.70,0.70,28.81,1.00,40.34,reconstructed
78,15,-,118.81,3.45,118.81,1.00,0.03,"1,049.30",reconstructed
78,16,-,96.75,3.69,44.41,2.18,0.08,214.93,reconstructed
78,17,-,12.44,1.90,30.50,0.41,0.06,39.20,reconstructed
78,18,-,503.28,523.73,77.30,6.51,6.78,309.84,reconstructed
78,19,-,64.25,1.07,1.07,60.05,1.00,64.25,reconstructed
78,20,-,11.67,3.69,14.94,0.78,0.25,145.23,reconstructed
78,21,-,61.90,41.66,57.94,1.07,0.72,36.65,reconstructed
78,22,-,264.81,75.33,75.33,3.52,1.00,794.43,reconstructed
79,1,-,-,0.00,0.00,-,-,0.00,reconstructed
80,1,-,225.04,225.00,225.04,1.00,1.00,"2,015.91",reconstructed
80,2,-,245.11,246.00,236.56,1.04,1.04,"1,366.32",reconstructed
80,3,-,399.41,162.75,399.41,1.00,0.41,"3,893.24",reconstructed
80,4,-,207.10,175.61,437.73,0.47,0.40,-885.35,reconstructed
80,5,-,96.40,68.55,113.00,0.85,0.61,717.43,reconstructed
80,6,-,-,7.42,142.50,-,0.05,"-1,402.29",reconstructed
80,7,-,143.32,16.34,100.58,1.43,0.16,-156.20,reconstructed
80,8,-,143.66,22.27,268.96,0.53,0.08,266.86,reconstructed
80,9,-,162.12,34.43,34.43,4.71,1.00,162.12,reconstructed
80,10,-,389.32,9.75,9.75,39.93,1.00,778.64,reconstructed
80,11,-,750.89,19.91,19.91,37.72,1.00,"1,501.78",reconstructed
80,12,-,"2,314.77",43.20,"1,147.34",2.02,0.04,"2,080.32",reconstructed
81,1,-,-,5.00,5.00,-,1.00,0.00,reconstructed
81,2,-,-,0.00,0.00,-,-,0.00,reconstructed
81,3,-,-,0.00,0.00,-,-,0.00,reconstructed
81,4,-,-,1.14,1.14,-,1.00,0.00,reconstructed
82,1,-,48.99,45.45,20.81,2.35,2.18,203.33,reconstructed
82,2,-,644.30,582.85,737.10,0.87,0.79,"6,792.68",reconstructed
82,3,-,173.09,175.41,38.25,4.53,4.59,-400.72,reconstructed
82,4,-,106.45,106.83,115.50,0.92,0.92,951.59,reconstructed
82,5,-,-,23.00,23.00,-,1.00,0.00,reconstructed
82,6,-,311.11,306.42,402.60,0.77,0.76,"1,065.41",reconstructed
82,7,-,190.44,191.56,242.57,0.79,0.79,567.00,reconstructed
82,8,-,380.85,369.54,568.75,0.67,0.65,-325.91,reconstructed
82,9,-,300.00,45.77,62.08,4.83,0.74,179.88,reconstructed
82,10,-,353.20,343.86,428.59,0.82,0.80,557.89,reconstructed
82,11,-,487.83,485.94,572.66,0.85,0.85,"1,138.35",reconstructed
82,12,-,294.82,296.13,340.56,0.87,0.87,"1,081.50",reconstructed
82,13,-,78.15,83.75,98.45,0.79,0.85,"1,013.64",reconstructed
82,14,-,60.89,60.75,68.83,0.88,0.88,721.50,reconstructed
82,15,-,164.96,163.22,191.84,0.86,0.85,715.58,reconstructed
82,16,-,94.10,95.66,124.20,0.76,0.77,-35.34,reconstructed
82,17,-,135.07,134.72,170.62,0.79,0.79,887.23,reconstructed
82,18,-,105.46,107.65,124.62,0.85,0.86,658.99,reconstructed
82,19,-,507.90,483.72,588.75,0.86,0.82,"2,668.40",reconstructed
82,20,-,94.51,96.19,121.69,0.78,0.79,939.84,reconstructed
82,21,-,81.59,83.00,102.25,0.80,0.81,794.21,reconstructed
82,22,-,300.00,57.75,166.06,1.81,0.35,-745.93,reconstructed
82,23,-,300.00,33.55,135.58,2.21,0.25,"1,761.48",reconstructed
82,24,-,-,24.00,24.00,-,1.00,0.00,reconstructed
82,25,-,427.01,418.02,503.49,0.85,0.83,"1,765.48",reconstructed
82,26,-,99.80,88.40,113.06,0.88,0.78,"1,216.86",reconstructed
82,27,-,343.76,347.83,433.84,0.79,0.80,"1,031.60",reconstructed
82,28,-,200.76,192.30,228.81,0.88,0.84,511.38,reconstructed
82,29,-,110.18,108.00,123.09,0.90,0.88,160.60,reconstructed
82,30,-,94.66,98.01,112.14,0.84,0.87,781.39,reconstructed
82,31,-,189.17,199.69,217.12,0.87,0.92,"1,843.62",reconstructed
82,32,-,33.17,31.44,39.50,0.84,0.80,450.84,reconstructed
83,1,-,300.00,20.00,55.65,5.39,0.36,240.00,reconstructed
83,2,-,300.00,31.88,31.88,9.41,1.00,232.70,reconstructed
83,3,-,300.00,19.50,70.31,4.27,0.28,766.50,reconstructed
83,4,-,300.00,20.50,45.50,6.59,0.45,238.50,reconstructed
83,5,-,-,46.90,13.12,-,3.57,-114.15,reconstructed
83,6,-,-,32.13,16.07,-,2.00,-32.13,reconstructed
83,7,-,-,0.00,0.00,-,-,0.00,reconstructed
84,1,-,300.00,38.00,38.00,7.89,1.00,"3,000.00",reconstructed
84,2,-,290.39,347.38,347.38,0.84,1.00,"3,776.21",reconstructed
84,3,-,511.60,536.50,750.00,0.68,0.72,"2,359.11",reconstructed
84,4,-,69.50,71.92,82.19,0.85,0.88,582.19,reconstructed
84,5,-,-,0.00,0.00,-,-,0.00,reconstructed
84,6,-,300.00,75.00,439.83,0.68,0.17,"4,138.50",reconstructed
84,7,-,36.04,34.61,39.36,0.92,0.88,456.86,reconstructed
84,8,-,300.00,51.00,51.00,5.88,1.00,"1,800.00",reconstructed
84,9,-,-,50.00,50.00,-,1.00,0.00,reconstructed
84,10,-,69.50,71.48,15.00,4.63,4.77,-144.97,reconstructed
84,11,-,64.06,8.00,8.00,8.01,1.00,64.06,reconstructed
84,12,-,-,0.00,0.00,-,-,0.00,reconstructed
84,13,-,300.00,80.01,80.01,3.75,1.00,"2,365.00",reconstructed
85,1,-,300.00,84.50,226.50,1.32,0.37,"2,139.09",reconstructed
85,2,-,-,0.00,0.00,-,-,0.00,reconstructed
86,1,-,-,0.00,0.00,-,-,0.00,reconstructed
86,2,-,-,35.00,17.50,-,2.00,-35.00,reconstructed
86,3,-,-,0.00,0.00,-,-,0.00,reconstructed
86,4,-,22.28,21.25,4.00,5.57,5.31,-35.87,reconstructed
86,5,-,22.18,21.90,10.50,2.11,2.09,1.18,reconstructed
86,6,-,-,118.00,20.16,-,5.85,-470.16,reconstructed
86,7,-,-,30.00,9.38,-,3.20,-102.79,reconstructed
86,8,-,-,55.12,24.50,-,2.25,-104.12,reconstructed
86,9,-,-,46.23,46.23,-,1.00,-25.00,reconstructed
86,10,-,-,28.50,127.01,-,0.22,"-1,114.38",reconstructed
86,11,-,62.41,58.06,24.50,2.55,2.37,575.10,reconstructed
87,1,-,300.00,19.32,453.57,0.66,0.04,"1,885.94",reconstructed
87,2,-,300.00,45.08,965.02,0.31,0.05,146.07,reconstructed
87,3,-,300.00,40.51,160.79,1.87,0.25,-540.34,reconstructed
87,4,-,60.78,60.45,81.00,0.75,0.75,217.81,reconstructed
87,5,-,52.54,53.10,69.82,0.75,0.76,386.67,reconstructed
87,6,-,-,19.84,1.08,-,18.37,-82.48,reconstructed
87,7,-,300.00,43.46,14.74,20.35,2.95,235.51,reconstructed
